{
  "autoGenerateExmlsList": true,
  "exmls": [
    {
      "path": "resource/eui_skins/ButtonSkin.exml",
      "content": "<?xml version=\"1.0\" encoding=\"utf-8\" ?>\n<e:Skin class=\"skins.ButtonSkin\" states=\"up,down,disabled\" minHeight=\"50\" minWidth=\"100\" xmlns:e=\"http://ns.egret.com/eui\" width=\"106\" height=\"26\">\n    <e:Image width=\"106\" height=\"26\" scale9Grid=\"1,3,8,8\" alpha.disabled=\"0.5\"\n             source=\"button_up_png\"\n             source.down=\"button_down_png\" x=\"0\" y=\"0\"/>\n    <e:Label id=\"labelDisplay\" top=\"0\" bottom=\"2\" left=\"0\" right=\"2\"\n             size=\"15\" fontFamily=\"Tahoma 'Microsoft Yahei'\"\n             textColor=\"0xFFFFFF\" textAlign=\"center\" text=\"ABCD\" verticalAlign=\"middle\"/>\n    <e:Image id=\"iconDisplay\" horizontalCenter=\"0\" verticalCenter=\"0\"/>\n</e:Skin>\n"
    },
    {
      "path": "resource/eui_skins/CheckBoxSkin.exml",
      "content": "<?xml version=\"1.0\" encoding=\"utf-8\"?>\n<e:Skin class=\"skins.CheckBoxSkin\" states=\"up,down,disabled,upAndSelected,downAndSelected,disabledAndSelected\" xmlns:e=\"http://ns.egret.com/eui\" xmlns:w=\"http://ns.egret.com/wing\" width=\"83\" height=\"27\">\n    <e:Group width=\"115\" height=\"100%\">\n        <e:layout>\n            <e:HorizontalLayout verticalAlign=\"middle\"/>\n        </e:layout>\n        <e:Image fillMode=\"scale\" alpha=\"1\" alpha.disabled=\"0.5\" alpha.down=\"0.7\"\n                 source=\"checkbox_unselect_png\"\n                 source.upAndSelected=\"checkbox_select_up_png\"\n                 source.downAndSelected=\"checkbox_select_down_png\"\n                 source.disabledAndSelected=\"checkbox_select_disabled_png\"/>\n        <e:Label id=\"labelDisplay\" size=\"20\" textColor=\"0x707070\"\n                 textAlign=\"center\" verticalAlign=\"middle\"\n                 fontFamily=\"Tahoma\"/>\n    </e:Group>\n</e:Skin>\n"
    },
    {
      "path": "resource/eui_skins/ColorPickSkin.exml",
      "content": "<?xml version='1.0' encoding='utf-8'?>\n<e:Skin class=\"ColorPickSkin\" width=\"196\" height=\"80\" xmlns:e=\"http://ns.egret.com/eui\" xmlns:w=\"http://ns.egret.com/wing\">\n\t<e:Group y=\"0\" id=\"colorCroup\" width=\"219\" height=\"79\" x=\"1\">\n\t\t<e:Rect x=\"6\" width=\"20\" y=\"5\" height=\"20\" fillColor=\"0xFFFFFF\"/>\n\t\t<e:Rect x=\"6\" width=\"20\" y=\"31\" height=\"20\" fillColor=\"0xB4B4B4\"/>\n\t\t<e:Rect x=\"6\" width=\"20\" y=\"56\" height=\"20\" fillColor=\"0x000000\"/>\n\t\t<e:Rect x=\"39\" width=\"20\" y=\"5\" height=\"20\" fillColor=\"0xFF0000\"/>\n\t\t<e:Rect x=\"39\" width=\"20\" y=\"31\" height=\"20\" fillColor=\"0x780000\"/>\n\t\t<e:Rect x=\"72\" width=\"20\" y=\"5\" height=\"20\" fillColor=\"0x780776\"/>\n\t\t<e:Rect x=\"72\" width=\"20\" y=\"31\" height=\"20\" fillColor=\"0x8E05FF\"/>\n\t\t<e:Rect x=\"72\" width=\"20\" y=\"56\" height=\"20\" fillColor=\"0x2A05FF\"/>\n\t\t<e:Rect x=\"105\" width=\"20\" y=\"5\" height=\"20\" fillColor=\"0x00C3FF\"/>\n\t\t<e:Rect x=\"105\" width=\"20\" y=\"31\" height=\"20\" fillColor=\"0x8ADEF8\"/>\n\t\t<e:Rect x=\"105\" width=\"20\" y=\"56\" height=\"20\" fillColor=\"0x61FF9D\"/>\n\t\t<e:Rect x=\"138\" width=\"20\" y=\"5\" height=\"20\" fillColor=\"0x00FF5D\"/>\n\t\t<e:Rect x=\"138\" width=\"20\" y=\"31\" height=\"20\" fillColor=\"0xC3FF00\"/>\n\t\t<e:Rect x=\"138\" width=\"20\" y=\"56\" height=\"20\" fillColor=\"0xF2FF00\"/>\n\t\t<e:Rect x=\"171\" width=\"20\" y=\"5\" height=\"20\" fillColor=\"0xFF9900\"/>\n\t\t<e:Rect x=\"171\" width=\"20\" y=\"31\" height=\"20\" fillColor=\"0xFF3B00\"/>\n\t\t<e:Rect x=\"171\" width=\"20\" y=\"56\" height=\"20\" fillColor=\"0x3B3A39\"/>\n\t\t<e:Rect fillColor=\"0xFF00FA\" width=\"20\" y=\"56\" height=\"20\" x=\"39\"/>\n\t</e:Group>\n</e:Skin>"
    },
    {
      "path": "resource/eui_skins/HScrollBarSkin.exml",
      "content": "<?xml version=\"1.0\" encoding=\"utf-8\"?>\n<e:Skin class=\"skins.HScrollBarSkin\" minWidth=\"20\" minHeight=\"8\" xmlns:e=\"http://ns.egret.com/eui\">\n    <e:Image id=\"thumb\" source=\"roundthumb_png\" scale9Grid=\"3,3,2,2\" height=\"8\" width=\"30\" verticalCenter=\"0\"/>\n</e:Skin>\n"
    },
    {
      "path": "resource/eui_skins/HSliderSkin.exml",
      "content": "<?xml version=\"1.0\" encoding=\"utf-8\"?>\n<e:Skin class=\"skins.HSliderSkin\" minWidth=\"20\" minHeight=\"8\" xmlns:e=\"http://ns.egret.com/eui\">\n    <e:Image id=\"track\" source=\"track_sb_png\" scale9Grid=\"1,1,4,4\" width=\"100%\"\n             height=\"6\" verticalCenter=\"0\"/>\n    <e:Image id=\"thumb\" source=\"thumb_png\" verticalCenter=\"0\"/>\n</e:Skin>\n"
    },
    {
      "path": "resource/eui_skins/ItemRendererSkin.exml",
      "content": "<?xml version=\"1.0\" encoding=\"utf-8\" ?>\n<e:Skin class=\"skins.ItemRendererSkin\" states=\"up,down,disabled\" minHeight=\"50\" minWidth=\"100\" xmlns:e=\"http://ns.egret.com/eui\">\n    <e:Image width=\"100%\" height=\"100%\" scale9Grid=\"1,3,8,8\" alpha.disabled=\"0.5\"\n             source=\"button_up_png\"\n             source.down=\"button_down_png\"/>\n    <e:Label id=\"labelDisplay\" top=\"8\" bottom=\"8\" left=\"8\" right=\"8\"\n             size=\"20\" fontFamily=\"Tahoma 'Microsoft Yahei'\"\n             textColor=\"0xFFFFFF\" text=\"{data}\" verticalAlign=\"middle\" textAlign=\"center\"/>\n</e:Skin>\n"
    },
    {
      "path": "resource/eui_skins/LoadingSkin.exml",
      "content": "<?xml version='1.0' encoding='utf-8'?>\n<e:Skin class=\"LoadingSkin\" width=\"400\" height=\"300\" xmlns:e=\"http://ns.egret.com/eui\" xmlns:w=\"http://ns.egret.com/wing\">\n\t<e:Rect left=\"0\" right=\"0\" top=\"0\" bottom=\"0\"/>\n\t<e:Image height=\"75\" width=\"75\" horizontalCenter=\"0.5\" verticalCenter=\"-41.5\" source=\"resource/logo.png\"/>\n\t<e:ProgressBar id=\"loadProgress\" left=\"72\" right=\"72\" height=\"11\" verticalCenter=\"25.5\"/>\n\t<e:Label id=\"pr\" text=\"pr\" width=\"128\" horizontalCenter=\"0\" verticalCenter=\"58\" size=\"14\"/>\n</e:Skin>"
    },
    {
      "path": "resource/eui_skins/NavSkin.exml",
      "content": "<?xml version='1.0' encoding='utf-8'?>\n<e:Skin class=\"NavSkin\" width=\"500\" height=\"88\" xmlns:e=\"http://ns.egret.com/eui\" xmlns:w=\"http://ns.egret.com/wing\" xmlns:ns1=\"*\">\n\t<e:Rect top=\"-8\" bottom=\"0\" right=\"0\" left=\"0\" locked=\"true\"/>\n\t<e:Group left=\"0\" right=\"0\" top=\"0\" bottom=\"0\">\n\t\t<e:Rect id=\"bodyColor_label\" height=\"20\" width=\"20\" x=\"97\" y=\"9\" fillColor=\"0xFF0000\"/>\n\t\t<e:Rect id=\"fenderColor_label\" width=\"20\" y=\"35\" height=\"20\" x=\"97\" fillColor=\"0xFF0000\"/>\n\t\t<e:Rect id=\"wheelHubColor_label\" width=\"20\" y=\"60\" height=\"20\" x=\"97\" fillColor=\"0xF1F1F1\"/>\n\t\t<e:Group id=\"colorCroup\" height=\"79\" width=\"219\" x=\"150\" y=\"4\">\n\t\t</e:Group>\n\t\t<e:Group id=\"partGroup\" width=\"106\" left=\"0\" top=\"0\" bottom=\"0\">\n\t\t\t<e:RadioButton label=\"body\" y=\"8\" left=\"5\" right=\"-5\"/>\n\t\t\t<e:RadioButton y=\"34\" label=\"fender\" left=\"5\" right=\"-5\"/>\n\t\t\t<e:RadioButton y=\"59\" label=\"wheelHub\" left=\"5\" right=\"-5\"/>\n\t\t</e:Group>\n\t</e:Group>\n</e:Skin>"
    },
    {
      "path": "resource/eui_skins/PanelSkin.exml",
      "content": "<?xml version=\"1.0\" encoding=\"utf-8\"?>\n<e:Skin class=\"skins.PanelSkin\" minHeight=\"230\" minWidth=\"450\" xmlns:e=\"http://ns.egret.com/eui\" width=\"598\" height=\"74\">\n\t<e:Component x=\"125\" y=\"52\"/>\n\t<e:RadioButton label=\"红色\" y=\"26\" left=\"19\"/>\n\t<e:RadioButton left=\"109\" y=\"27\" label=\"红色\" x=\"10\"/>\n\t<e:RadioButton label=\"红色\" left=\"200\" y=\"26\" x=\"20\"/>\n</e:Skin>\n"
    },
    {
      "path": "resource/eui_skins/ProgressBarSkin.exml",
      "content": "<?xml version=\"1.0\" encoding=\"utf-8\"?>\n<e:Skin class=\"skins.ProgressBarSkin\" minWidth=\"30\" minHeight=\"18\" xmlns:e=\"http://ns.egret.com/eui\">\n\t<e:Image source=\"track_pb_png\" scale9Grid=\"1,1,4,4\" width=\"100%\"\n\t\t\t height=\"100%\" verticalCenter=\"0\"/>\n\t<e:Image id=\"thumb\" height=\"100%\" width=\"100%\" source=\"thumb_pb_png\"/>\n\t<e:Label id=\"labelDisplay\" textAlign=\"center\" verticalAlign=\"middle\"\n\t\t\t size=\"15\" fontFamily=\"Tahoma\" textColor=\"0x707070\"\n\t\t\t horizontalCenter=\"0\" verticalCenter=\"0\"/>\n</e:Skin>\n"
    },
    {
      "path": "resource/eui_skins/RadioButtonSkin.exml",
      "content": "<?xml version=\"1.0\" encoding=\"utf-8\"?>\n<e:Skin class=\"skins.RadioButtonSkin\" states=\"up,down,disabled,upAndSelected,downAndSelected,disabledAndSelected\" xmlns:e=\"http://ns.egret.com/eui\" width.disabledAndSelected=\"20\" width=\"110\" height=\"22\">\n    <e:Group width=\"100%\" height=\"100%\">\n        <e:layout>\n            <e:HorizontalLayout verticalAlign=\"middle\"/>\n        </e:layout>\n        <e:Image fillMode=\"scale\" alpha=\"1\" alpha.disabled=\"0.5\" alpha.down=\"0.7\"\n                 source=\"radiobutton_unselect_png\"\n                 source.upAndSelected=\"radiobutton_select_up_png\"\n                 source.downAndSelected=\"radiobutton_select_down_png\"\n                 source.disabledAndSelected=\"radiobutton_select_disabled_png\" width.upAndSelected=\"20\" height.upAndSelected=\"20\" width=\"20\" height=\"20\"/>\n        <e:Label id=\"labelDisplay\" size=\"14\"\n                 textAlign=\"left\" verticalAlign=\"middle\"\n                 fontFamily=\"Tahoma\" width=\"80\" height=\"18\" text=\"label\" textColor=\"0xFFFFFF\"/>\n    </e:Group>\n</e:Skin>\n"
    },
    {
      "path": "resource/eui_skins/ScrollerSkin.exml",
      "content": "<?xml version=\"1.0\" encoding=\"utf-8\"?>\n<e:Skin class=\"skins.ScrollerSkin\" minWidth=\"20\" minHeight=\"20\" xmlns:e=\"http://ns.egret.com/eui\">\n    <e:HScrollBar id=\"horizontalScrollBar\" width=\"100%\" bottom=\"0\"/>\n    <e:VScrollBar id=\"verticalScrollBar\" height=\"100%\" right=\"0\"/>\n</e:Skin>"
    },
    {
      "path": "resource/eui_skins/ToggleSwitchSkin.exml",
      "content": "<?xml version=\"1.0\" encoding=\"utf-8\"?>\n<e:Skin class=\"skins.ToggleSwitchSkin\" states=\"up,down,disabled,upAndSelected,downAndSelected,disabledAndSelected\" xmlns:e=\"http://ns.egret.com/eui\">\n    <e:Image source=\"on_png\"\n             source.up=\"off_png\"\n             source.down=\"off_png\"\n             source.disabled=\"off_png\"/>\n    <e:Image source=\"handle_png\"\n             horizontalCenter=\"-18\"\n             horizontalCenter.upAndSelected=\"18\"\n             horizontalCenter.downAndSelected=\"18\"\n             horizontalCenter.disabledAndSelected=\"18\"\n             verticalCenter=\"0\"/>\n</e:Skin>\n"
    },
    {
      "path": "resource/eui_skins/VScrollBarSkin.exml",
      "content": "<?xml version=\"1.0\" encoding=\"utf-8\"?>\n<e:Skin class=\"skins.VScrollBarSkin\" minWidth=\"8\" minHeight=\"20\" xmlns:e=\"http://ns.egret.com/eui\">\n    <e:Image id=\"thumb\" source=\"roundthumb_png\" scale9Grid=\"3,3,2,2\" height=\"30\" width=\"8\" horizontalCenter=\"0\"/>\n</e:Skin>\n"
    },
    {
      "path": "resource/eui_skins/VSliderSkin.exml",
      "content": "<?xml version=\"1.0\" encoding=\"utf-8\"?>\n<e:Skin class=\"skins.VSliderSkin\" minWidth=\"25\" minHeight=\"30\" xmlns:e=\"http://ns.egret.com/eui\">\n    <e:Image id=\"track\" source=\"track_png\" scale9Grid=\"1,1,4,4\" width=\"7\" height=\"100%\" horizontalCenter=\"0\"/>\n    <e:Image id=\"thumb\" source=\"thumb_png\" horizontalCenter=\"0\" />\n</e:Skin>\n"
    }
  ],
  "skins": {
    "eui.Button": "resource/eui_skins/ButtonSkin.exml",
    "eui.CheckBox": "resource/eui_skins/CheckBoxSkin.exml",
    "eui.HScrollBar": "resource/eui_skins/HScrollBarSkin.exml",
    "eui.HSlider": "resource/eui_skins/HSliderSkin.exml",
    "eui.ItemRenderer": "resource/eui_skins/ItemRendererSkin.exml",
    "eui.Panel": "resource/eui_skins/PanelSkin.exml",
    "eui.ProgressBar": "resource/eui_skins/ProgressBarSkin.exml",
    "eui.RadioButton": "resource/eui_skins/RadioButtonSkin.exml",
    "eui.Scroller": "resource/eui_skins/ScrollerSkin.exml",
    "eui.ToggleSwitch": "resource/eui_skins/ToggleSwitchSkin.exml",
    "eui.VScrollBar": "resource/eui_skins/VScrollBarSkin.exml",
    "eui.VSlider": "resource/eui_skins/VSliderSkin.exml"
  }
}